restaurants,country
Noma,Denmark
Geranium ,Denmark
Asador Etxebarri,Spain
Central ,Peru
Disfrutar,Spain
Frantzén ,Sweden
Maido ,Peru
Odette,Singapore
Pujol,Mexico
The Chairman ,China
Den ,Japan
Steirereck ,Austria
Don Julio,Argentina
Mugaritz ,Spain
Lido 84 ,Italy
Elkano ,Spain
A Casa do Porco ,Brazil
Piazza Duomo ,Italy
Narisawa,Japan
Diverxo ,Spain
Hiša Franko ,Slovenia
Cosme,USA
Arpège,France
Septime ,France
White Rabbit ,Russia
Le Calandre,Italy
Quintonil ,Mexico
Benu ,USA
Reale ,Italy
Twins Garden,Russia
Restaurant Tim Raue,Germany
The Clove Club,UK
Lyle’s,UK
Burnt Ends,Singapore
Ultraviolet,China
Hof Van Cleve,Belgium
SingleThread,USA
Borago,Chile
Florilège,Japan
Suhring,Thailand
Alléno ,France
Belcanto ,Portugal
Atomix,USA
Le Bernardin,USA
Nobelhart & Schmutzig ,Germany
Leo ,Colombia
Maaemo,Norway
Atelier Crenn ,USA
Azurmendi,Spain
Wolfgat ,South Africa
